"status","name","slug","subtitle","short_description","form","available_sizes","contents","overview","what_it_is","key_benefits","when_to_use","recommended_crops","application_dosage","learn_more"
"published","Potassium Humate","potassium-humate","Soil Conditioner for Long-Term Fertility & Root Strength","Potassium Humate is primarily used as an organic soil conditioner that improves soil fertility, enhances nutrient absorption, and supports balanced crop growth naturally","Liquid / Powder","[]","[{""parameter"": ""Source"", ""specification"": ""Leonardite (naturally derived humic substances)""}, {""parameter"": ""Type"", ""specification"": ""Potassium Humate \u2013 organic compound""}]","Potassium Humate is a naturally derived organic compound extracted from leonardite (rich humic substances). It works by improving soil structure, increasing nutrient holding capacity, enhancing microbial activity.","Potassium Humate is a naturally derived organic compound extracted from leonardite (rich humic substances).

It works by:
• Improving soil structure
• Increasing nutrient holding capacity
• Enhancing microbial activity

Result:
Soil becomes more fertile and roots absorb nutrients better","[""Improves soil fertility and structure"", ""Enhances nutrient absorption efficiency"", ""Promotes strong root development"", ""Increases microbial activity in soil"", ""Improves water retention capacity""]","[""Before sowing / planting"", ""During early growth stages"", ""In poor or degraded soils"", ""After heavy fertilizer use (to restore soil health)""]","[""Mango"", ""Banana"", ""Pomegranate"", ""Tomato"", ""Chilli"", ""Onion"", ""Wheat"", ""Rice"", ""Cotton"", ""Plantation crops"", ""Horticulture""]","[{""method"": ""Soil Application (Per Acre)"", ""steps"": [""Apply 2\u20134 kg per acre""]}, {""method"": ""Drip Irrigation (Per Acre)"", ""steps"": [""Apply 1\u20132 kg per acre""]}, {""method"": ""Foliar Spray"", ""steps"": [""Mix 2\u20133 ml per litre of water""]}]","[{""title"": ""Deficiency Leads To\u2026"", ""content"": ""\u2022 Poor root development\n\u2022 Low nutrient uptake\n\u2022 Weak plant growth\n\u2022 Reduced yield""}, {""title"": ""Why Does This Deficiency Happen?"", ""content"": ""\u2022 Continuous chemical fertilizer usage\n\u2022 Low organic matter in soil\n\u2022 Poor soil structure\n\u2022 Reduced microbial activity""}, {""title"": ""How Soil+ Potassium Humate Fixes It"", ""content"": ""\u2022 Restores soil organic activity\n\u2022 Improves nutrient retention (less wastage)\n\u2022 Enhances root absorption capacity\n\u2022 Rebuilds long-term soil fertility""}]"
"published","Chelated Mix Micronutrient","chelated-mix-micronutrient","Complete Micronutrient Solution for Balanced Crop Nutrition","Complete micronutrient solution for balanced crop nutrition.","Amino based / Glycine based / EDTA based formulations","[]","[{""parameter"": ""Zinc (Zn)"", ""specification"": """"}, {""parameter"": ""Iron (Fe)"", ""specification"": """"}, {""parameter"": ""Manganese (Mn)"", ""specification"": """"}, {""parameter"": ""Copper (Cu)"", ""specification"": """"}, {""parameter"": ""Magnesium (Mg)"", ""specification"": """"}, {""parameter"": ""Note"", ""specification"": ""Available in Amino based, Glycine based, and EDTA based formulations""}]","Chelated Mix Micronutrient is a balanced blend of essential micronutrients such as Zinc (Zn), Iron (Fe), Manganese (Mn), Copper (Cu), and Magnesium (Mg). Chelation protects nutrients from getting locked in the soil, ensuring better stability and higher absorption by plants.","Chelated Mix Micronutrient is a balanced blend of essential micronutrients such as Zinc (Zn), Iron (Fe), Manganese (Mn), Copper (Cu), and Magnesium (Mg).

Chelation protects nutrients from getting locked in the soil, ensuring better stability and higher absorption by plants.

This results in faster correction of deficiencies and improved nutrient efficiency.","[""Corrects multiple micronutrient deficiencies in one application"", ""Improves chlorophyll formation and photosynthesis"", ""Enhances plant growth and vigor"", ""Supports better flowering and fruit development"", ""Improves yield quality and consistency""]","[""Early vegetative stage"", ""Before flowering stage"", ""At first sign of deficiency symptoms"", ""During high nutrient demand phases""]","[""Mango"", ""Banana"", ""Grapes"", ""Tomato"", ""Chilli"", ""Brinjal"", ""Wheat"", ""Rice"", ""Cotton"", ""Sugarcane"", ""Tea""]","[{""method"": ""Foliar Spray"", ""steps"": [""Mix 1\u20132 gm per litre of water""]}, {""method"": ""Drip Irrigation (Per Acre)"", ""steps"": [""Apply 500 gm \u2013 1 kg per acre""]}, {""method"": ""Soil Application (Per Acre)"", ""steps"": [""Apply 2\u20133 kg per acre""]}]","[{""title"": ""Deficiency Leads To\u2026"", ""content"": ""\u2022 Yellowing of leaves (chlorosis)\n\u2022 Stunted plant growth\n\u2022 Poor flowering and fruiting\n\u2022 Reduced yield and quality""}, {""title"": ""Why Does This Deficiency Happen?"", ""content"": ""\u2022 Continuous use of only NPK fertilizers\n\u2022 Nutrient imbalance in soil\n\u2022 High soil pH causing nutrient lock\n\u2022 Low organic matter in soil""}, {""title"": ""How Soil+ Mix Micronutrient Fixes It"", ""content"": ""Soil+ Chelated Mix Micronutrient provides a complete set of essential micronutrients in a highly absorbable form, ensuring quick correction of deficiencies and restoring balanced plant nutrition.""}]"
"published","Chelated Zinc (Zn 12%)","chelated-zinc-zn-12","Fast and Effective Correction of Zinc Deficiency in Crops","Fast and effective correction of zinc deficiency in crops.","Amino based / Glycine based / EDTA based formulations","[]","[{""parameter"": ""Zinc (Zn)"", ""specification"": ""12%""}, {""parameter"": ""Type"", ""specification"": ""Chelated micronutrient \u2013 highly available and easily absorbable form""}, {""parameter"": ""Note"", ""specification"": ""Available in Amino based, Glycine based, and EDTA based formulations""}]","Zinc (Zn 12%) is a chelated micronutrient that provides zinc in a highly available and easily absorbable form. Chelation prevents zinc from getting fixed in the soil, allowing the plant to absorb it efficiently through leaves and roots.","Zinc (Zn 12%) is a chelated micronutrient that provides zinc in a highly available and easily absorbable form.

Chelation prevents zinc from getting fixed in the soil, allowing the plant to absorb it efficiently through leaves and roots.

It plays a critical role in enzyme activation and growth regulation.","[""Promotes healthy plant growth and development"", ""Enhances enzyme activity and metabolic functions"", ""Improves leaf size and uniformity"", ""Supports better flowering and fruit setting"", ""Increases overall crop productivity""]","[""During early vegetative stage"", ""At first signs of yellowing between leaf veins"", ""Before flowering stage"", ""In zinc-deficient soils""]","[""Mango"", ""Citrus"", ""Banana"", ""Tomato"", ""Onion"", ""Chilli"", ""Wheat"", ""Rice"", ""Maize"", ""Oilseeds"", ""Pulses""]","[{""method"": ""Foliar Spray"", ""steps"": [""Mix 0.5\u20131 gm per litre of water""]}, {""method"": ""Drip Irrigation (Per Acre)"", ""steps"": [""Apply 500 gm per acre""]}, {""method"": ""Soil Application (Per Acre)"", ""steps"": [""Apply 1\u20132 kg per acre""]}]","[{""title"": ""Zinc Deficiency Leads To\u2026"", ""content"": ""\u2022 Yellowing between leaf veins (interveinal chlorosis)\n\u2022 Reduced leaf size\n\u2022 Stunted plant growth\n\u2022 Poor flowering and fruit development""}, {""title"": ""Why Does This Deficiency Happen?"", ""content"": ""\u2022 High soil pH (alkaline soils)\n\u2022 Excess phosphorus application\n\u2022 Low organic matter\n\u2022 Continuous cropping without micronutrient replenishment""}, {""title"": ""How Soil+ Zinc Fixes It"", ""content"": ""Soil+ Zinc Chelated provides readily available zinc in a protected form, ensuring quick absorption and immediate correction of deficiency symptoms, leading to improved growth and yield.""}]"
"published","Chelated Iron (Fe 12%)","chelated-iron-fe-12","Rapid Correction of Iron Deficiency and Restoration of Green Leaf Color","Rapid correction of iron deficiency and restoration of green leaf color.","Amino based / Glycine based / EDTA based formulations","[]","[{""parameter"": ""Iron (Fe)"", ""specification"": ""12%""}, {""parameter"": ""Type"", ""specification"": ""Chelated micronutrient \u2013 stable and plant-available form""}, {""parameter"": ""Note"", ""specification"": ""Available in Amino based, Glycine based, and EDTA based formulations""}]","Iron (Fe 12%) is a chelated micronutrient that supplies iron in a stable and plant-available form. Chelation prevents iron from getting locked in the soil, especially in alkaline conditions, allowing efficient absorption by plants.","Iron (Fe 12%) is a chelated micronutrient that supplies iron in a stable and plant-available form.

Chelation prevents iron from getting locked in the soil, especially in alkaline conditions, allowing efficient absorption by plants.

Iron is essential for chlorophyll formation and energy transfer within the plant.","[""Promotes chlorophyll formation and green foliage"", ""Improves photosynthesis efficiency"", ""Enhances plant energy production"", ""Supports healthy vegetative growth"", ""Improves overall plant vitality""]","[""At early stages of chlorosis (yellowing of young leaves)"", ""During vegetative growth phase"", ""In high pH or alkaline soils"", ""When plants show pale or yellow top leaves""]","[""Grapes"", ""Citrus"", ""Pomegranate"", ""Spinach"", ""Tomato"", ""Potato"", ""Soybean"", ""Groundnut"", ""Rice"", ""Plantation crops""]","[{""method"": ""Foliar Spray"", ""steps"": [""Mix 0.5\u20131 gm per litre of water""]}, {""method"": ""Drip Irrigation (Per Acre)"", ""steps"": [""Apply 500 gm \u2013 1 kg per acre""]}, {""method"": ""Soil Application (Per Acre)"", ""steps"": [""Apply 1\u20132 kg per acre""]}]","[{""title"": ""Iron Deficiency Leads To\u2026"", ""content"": ""\u2022 Yellowing of young leaves (interveinal chlorosis)\n\u2022 Reduced photosynthesis\n\u2022 Weak plant growth\n\u2022 Poor crop development""}, {""title"": ""Why Does This Deficiency Happen?"", ""content"": ""\u2022 High soil pH (alkaline soils)\n\u2022 Poor soil aeration\n\u2022 Excess phosphorus or calcium\n\u2022 Low organic matter""}, {""title"": ""How Soil+ Iron Fixes It"", ""content"": ""Soil+ Iron Chelated delivers iron in a protected and readily absorbable form, ensuring quick correction of chlorosis and restoring healthy green growth.""}]"
"published","Chelated Manganese (Mn 12%)","chelated-manganese-mn-12","Effective Correction of Manganese Deficiency for Improved Photosynthesis","Effective correction of manganese deficiency for improved photosynthesis.","Amino based / Glycine based / EDTA based formulations","[]","[{""parameter"": ""Manganese (Mn)"", ""specification"": ""12%""}, {""parameter"": ""Type"", ""specification"": ""Chelated micronutrient \u2013 stable and plant-available form""}, {""parameter"": ""Note"", ""specification"": ""Available in Amino based, Glycine based, and EDTA based formulations""}]","Manganese (Mn 12%) is a chelated micronutrient that provides manganese in a stable and plant-available form. Chelation prevents manganese from getting fixed in the soil, ensuring efficient absorption by plants.","Manganese (Mn 12%) is a chelated micronutrient that provides manganese in a stable and plant-available form.

Chelation prevents manganese from getting fixed in the soil, ensuring efficient absorption by plants.

Manganese plays a key role in photosynthesis and enzyme activation.","[""Supports photosynthesis and energy production"", ""Activates important plant enzymes"", ""Improves plant growth and vigor"", ""Enhances nutrient utilization"", ""Contributes to better crop quality""]","[""During vegetative growth stage"", ""At signs of interveinal yellowing in young leaves"", ""In light or sandy soils"", ""In high pH soil conditions""]","[""Citrus"", ""Grapes"", ""Beans"", ""Potato"", ""Tomato"", ""Wheat"", ""Soybean"", ""Rice"", ""Plantation crops""]","[{""method"": ""Foliar Spray"", ""steps"": [""Mix 0.5\u20131 gm per litre of water""]}, {""method"": ""Drip Irrigation (Per Acre)"", ""steps"": [""Apply 500 gm per acre""]}, {""method"": ""Soil Application (Per Acre)"", ""steps"": [""Apply 1\u20132 kg per acre""]}]","[{""title"": ""Manganese Deficiency Leads To\u2026"", ""content"": ""\u2022 Interveinal chlorosis (yellowing between veins)\n\u2022 Reduced photosynthesis\n\u2022 Slow plant growth\n\u2022 Poor yield""}, {""title"": ""Why Does This Deficiency Happen?"", ""content"": ""\u2022 High soil pH\n\u2022 Sandy or low organic matter soils\n\u2022 Excess iron or other nutrient imbalance\n\u2022 Continuous intensive cropping""}, {""title"": ""How Soil+ Manganese Fixes It"", ""content"": ""Soil+ Manganese Chelated provides manganese in an easily absorbable form, ensuring quick correction of deficiency and improved plant metabolic activity.""}]"
"published","Chelated Copper (Cu 12%)","chelated-copper-cu-12","Supports Plant Health and Strengthens Natural Resistance","Supports plant health and strengthens natural resistance.","Amino based / Glycine based / EDTA based formulations","[]","[{""parameter"": ""Copper (Cu)"", ""specification"": ""12%""}, {""parameter"": ""Type"", ""specification"": ""Chelated micronutrient \u2013 stable and plant-available form""}, {""parameter"": ""Note"", ""specification"": ""Available in Amino based, Glycine based, and EDTA based formulations""}]","Copper (Cu 12%) is a chelated micronutrient that provides copper in a stable and plant-available form. Chelation prevents copper from getting fixed in the soil, ensuring efficient absorption by plants.","Copper (Cu 12%) is a chelated micronutrient that provides copper in a stable and plant-available form.

Chelation prevents copper from getting fixed in the soil, ensuring efficient absorption by plants.

Copper plays a vital role in enzyme systems and supports plant defense mechanisms.","[""Enhances natural plant defense and resilience"", ""Supports enzyme activation and metabolic processes"", ""Improves overall plant strength and structure"", ""Promotes healthy growth and development"", ""Contributes to better crop quality""]","[""During vegetative growth stage"", ""At signs of leaf distortion or dieback"", ""In copper-deficient soils"", ""During stress conditions""]","[""Citrus"", ""Grapes"", ""Onion"", ""Tomato"", ""Wheat"", ""Rice"", ""Plantation crops""]","[{""method"": ""Foliar Spray"", ""steps"": [""Mix 0.5\u20131 gm per litre of water""]}, {""method"": ""Drip Irrigation (Per Acre)"", ""steps"": [""Apply 500 gm per acre""]}, {""method"": ""Soil Application (Per Acre)"", ""steps"": [""Apply 1\u20132 kg per acre""]}]","[{""title"": ""Copper Deficiency Leads To\u2026"", ""content"": ""\u2022 Dieback of shoots and leaves\n\u2022 Leaf curling or distortion\n\u2022 Weak plant structure\n\u2022 Poor flowering and fruiting""}, {""title"": ""Why Does This Deficiency Happen?"", ""content"": ""\u2022 Sandy soils with low organic matter\n\u2022 High soil pH\n\u2022 Excess nitrogen or phosphorus\n\u2022 Continuous cropping without micronutrient replenishment""}, {""title"": ""How Soil+ Copper Fixes It"", ""content"": ""Soil+ Copper Chelated delivers copper in a protected and readily absorbable form, helping restore plant health, improve resistance, and correct deficiency quickly.""}]"
"published","Chelated Magnesium (Mg 6%)","chelated-magnesium-mg-6","Restores Chlorophyll and Improves Photosynthesis Efficiency","Restores chlorophyll and improves photosynthesis efficiency.","Amino based / Glycine based / EDTA based formulations","[]","[{""parameter"": ""Magnesium (Mg)"", ""specification"": ""6%""}, {""parameter"": ""Type"", ""specification"": ""Chelated micronutrient \u2013 stable and plant-available form""}, {""parameter"": ""Note"", ""specification"": ""Available in Amino based, Glycine based, and EDTA based formulations""}]","Magnesium (Mg 6%) is a chelated micronutrient that provides magnesium in a stable and plant-available form. Chelation prevents magnesium from getting fixed in the soil, ensuring efficient absorption by plants.","Magnesium (Mg 6%) is a chelated micronutrient that provides magnesium in a stable and plant-available form.

Chelation prevents magnesium from getting fixed in the soil, ensuring efficient absorption by plants.

Magnesium is a central component of chlorophyll and is essential for photosynthesis and energy transfer.","[""Essential for chlorophyll formation and green leaves"", ""Improves photosynthesis efficiency"", ""Enhances energy transfer within the plant"", ""Supports overall plant growth and vigor"", ""Improves crop yield and quality""]","[""During vegetative growth stage"", ""At signs of yellowing in older leaves"", ""In magnesium-deficient soils"", ""During high nutrient demand stages""]","[""Banana"", ""Grapes"", ""Citrus"", ""Tomato"", ""Potato"", ""Leafy crops"", ""Maize"", ""Wheat"", ""Sugarcane"", ""Plantation crops""]","[{""method"": ""Foliar Spray"", ""steps"": [""Mix 1\u20132 gm per litre of water""]}, {""method"": ""Drip Irrigation (Per Acre)"", ""steps"": [""Apply 500 gm \u2013 1 kg per acre""]}, {""method"": ""Soil Application (Per Acre)"", ""steps"": [""Apply 1\u20132 kg per acre""]}]","[{""title"": ""Magnesium Deficiency Leads To\u2026"", ""content"": ""\u2022 Yellowing of older leaves (interveinal chlorosis)\n\u2022 Reduced photosynthesis\n\u2022 Weak plant growth\n\u2022 Lower yield""}, {""title"": ""Why Does This Deficiency Happen?"", ""content"": ""\u2022 High potassium or calcium levels (nutrient imbalance)\n\u2022 Sandy or light soils\n\u2022 Heavy rainfall causing leaching\n\u2022 Low organic matter""}, {""title"": ""How Soil+ Magnesium Fixes It"", ""content"": ""Soil+ Magnesium Chelated provides magnesium in a readily available form, ensuring quick absorption and restoring chlorophyll production and plant energy processes.""}]"
"published","Chelated Calcium (Ca 10%)","chelated-calcium-ca-10","Improves Plant Strength and Enhances Fruit Quality and Shelf Life","Improves plant strength and enhances fruit quality and shelf life.","Amino based / Glycine based / EDTA based formulations","[]","[{""parameter"": ""Calcium (Ca)"", ""specification"": ""10%""}, {""parameter"": ""Type"", ""specification"": ""Chelated micronutrient \u2013 stable and plant-available form""}, {""parameter"": ""Note"", ""specification"": ""Available in Amino based, Glycine based, and EDTA based formulations""}]","Calcium (Ca 10%) is a chelated micronutrient that provides calcium in a stable and plant-available form. Chelation prevents calcium from reacting with other elements in the soil, ensuring better absorption by plants.","Calcium (Ca 10%) is a chelated micronutrient that provides calcium in a stable and plant-available form.

Chelation prevents calcium from reacting with other elements in the soil, ensuring better absorption by plants.

Calcium is essential for cell wall formation and overall structural strength of the plant.","[""Strengthens cell walls and plant structure"", ""Improves root and shoot development"", ""Enhances fruit firmness and shelf life"", ""Reduces physiological disorders"", ""Supports overall plant health""]","[""During early growth stages"", ""At pre-flowering and fruit development stages"", ""When signs of fruit disorders appear"", ""In calcium-deficient soils""]","[""Apple"", ""Grapes"", ""Pomegranate"", ""Tomato"", ""Chilli"", ""Capsicum"", ""Field Crops"", ""Plantation crops""]","[{""method"": ""Foliar Spray"", ""steps"": [""Mix 1\u20132 gm per litre of water""]}, {""method"": ""Drip Irrigation (Per Acre)"", ""steps"": [""Apply 500 gm \u2013 1 kg per acre""]}, {""method"": ""Soil Application (Per Acre)"", ""steps"": [""Apply 2\u20133 kg per acre""]}]","[{""title"": ""Calcium Deficiency Leads To\u2026"", ""content"": ""\u2022 Blossom end rot in fruits\n\u2022 Tip burn in leaves\n\u2022 Weak plant structure\n\u2022 Poor fruit quality and shelf life""}, {""title"": ""Why Does This Deficiency Happen?"", ""content"": ""\u2022 Irregular watering or moisture stress\n\u2022 Poor calcium mobility within plant\n\u2022 High salinity or nutrient imbalance\n\u2022 Rapid plant growth""}, {""title"": ""How Soil+ Calcium Fixes It"", ""content"": ""Soil+ Calcium Chelated delivers calcium in an easily absorbable form, ensuring proper cell development, reducing disorders, and improving crop quality.""}]"
"published","Chelated Ca + Bo + Mg","chelated-ca-bo-mg","Triple-Action Solution for Flowering, Plant Strength, and Photosynthesis","Triple-action solution for flowering, plant strength, and photosynthesis.","Amino based / Glycine based / EDTA based formulations","[]","[{""parameter"": ""Calcium (Ca)"", ""specification"": """"}, {""parameter"": ""Boron (B)"", ""specification"": """"}, {""parameter"": ""Magnesium (Mg)"", ""specification"": """"}, {""parameter"": ""Note"", ""specification"": ""Available in Amino based, Glycine based, and EDTA based formulations""}]","Calcium + Boron + Magnesium is a chelated micronutrient combination that provides three essential nutrients in a stable and plant-available form. Chelation ensures better absorption and prevents nutrient lock in the soil.","Calcium + Boron + Magnesium is a chelated micronutrient combination that provides three essential nutrients in a stable and plant-available form.

Chelation ensures better absorption and prevents nutrient lock in the soil.

Calcium supports cell structure, boron aids in flowering and fruit setting, and magnesium plays a key role in chlorophyll formation and energy transfer.","[""Improves flowering and fruit setting"", ""Enhances chlorophyll formation and photosynthesis"", ""Strengthens plant structure and cell walls"", ""Reduces flower and fruit drop"", ""Improves crop quality and uniformity""]","[""Before flowering stage"", ""During flowering and fruit setting"", ""During active growth stages"", ""At signs of multiple micronutrient deficiencies""]","[""Grapes"", ""Pomegranate"", ""Banana"", ""Tomato"", ""Chilli"", ""Cucurbits"", ""Field Crops"", ""Plantation crops""]","[{""method"": ""Foliar Spray"", ""steps"": [""Mix 1\u20132 gm per litre of water""]}, {""method"": ""Drip Irrigation (Per Acre)"", ""steps"": [""Apply 500 gm \u2013 1 kg per acre""]}, {""method"": ""Soil Application (Per Acre)"", ""steps"": [""Apply 2\u20133 kg per acre""]}]","[{""title"": ""Deficiency Leads To\u2026"", ""content"": ""\u2022 Poor flowering and fruit setting\n\u2022 Yellowing of leaves (chlorosis)\n\u2022 Weak plant structure\n\u2022 Flower and fruit drop""}, {""title"": ""Why Does This Deficiency Happen?"", ""content"": ""\u2022 Nutrient imbalance in soil\n\u2022 Low availability of micronutrients\n\u2022 High soil pH\n\u2022 Poor nutrient mobility""}, {""title"": ""How Soil+ Fixes It"", ""content"": ""Soil+ Calcium + Boron + Magnesium Chelated provides all three nutrients in an easily absorbable form, ensuring improved flowering, stronger plants, better photosynthesis, and enhanced crop quality.""}]"
"published","Potassium Phosphite","potassium-phosphite","Fast-Acting Plant Performance Enhancer for Stress Resistance and Plant Health","Fast-acting plant performance enhancer for stress resistance and plant health.","Liquid and Powder formulations","[]","[{""parameter"": ""Potassium Phosphite"", ""specification"": ""Highly soluble nutrient derived from phosphorous acid""}, {""parameter"": ""Note"", ""specification"": ""Supplies phosphorus in the form of phosphite along with potassium""}]","Potassium Phosphite is a highly soluble nutrient derived from phosphorous acid, supplying phosphorus in the form of phosphite along with potassium. It is rapidly absorbed by the plant and moves systemically through both xylem and phloem.","Potassium Phosphite is a highly soluble nutrient derived from phosphorous acid, supplying phosphorus in the form of phosphite along with potassium.

It is rapidly absorbed by the plant and moves systemically through both xylem and phloem.

It works by enhancing plant metabolism and activating natural defense mechanisms, helping plants respond better to stress conditions.","[""Enhances plant immunity and stress tolerance"", ""Promotes strong root and shoot development"", ""Improves nutrient utilization efficiency"", ""Supports faster plant recovery under stress"", ""Provides quick plant response due to high mobility""]","[""During stress conditions (drought, heat, disease pressure)"", ""During active growth stages"", ""After transplanting or shock"", ""When quick plant recovery is required""]","[""Grapes"", ""Citrus"", ""Banana"", ""Tomato"", ""Potato"", ""Chilli"", ""Rice"", ""Wheat"", ""Plantation crops""]","[{""method"": ""Foliar Spray"", ""steps"": [""Mix 2\u20133 ml per litre of water""]}, {""method"": ""Drip Irrigation (Per Acre)"", ""steps"": [""Apply 1\u20132 litre per acre""]}]","[{""title"": ""Deficiency Leads To\u2026"", ""content"": ""(Not a direct nutrient deficiency product)\n\u2022 Low plant resistance to stress\n\u2022 Poor recovery under adverse conditions\n\u2022 Reduced growth performance""}, {""title"": ""Why Does This Situation Happen?"", ""content"": ""\u2022 Environmental stress (drought, heat, excess moisture)\n\u2022 Disease pressure\n\u2022 Poor nutrient efficiency\n\u2022 Weak plant metabolism""}, {""title"": ""How Soil+ Fixes It"", ""content"": ""Soil+ Potassium Phosphite enhances internal plant strength by improving nutrient movement and activating natural defense responses, helping plants perform better under stress and recover faster.""}]"
"published","MAP (12:61:00)","map-12-61-00","High Phosphorus Fertilizer for Strong Root Development and Early Growth","High phosphorus fertilizer for strong root development and early growth.","100% Water Soluble","[]","[{""parameter"": ""Nitrogen (N)"", ""specification"": ""12%""}, {""parameter"": ""Phosphorus (P\u2082O\u2085)"", ""specification"": ""61%""}, {""parameter"": ""Potassium (K\u2082O)"", ""specification"": ""0%""}, {""parameter"": ""Note"", ""specification"": ""Mono Ammonium Phosphate \u2013 fully water-soluble fertilizer""}]","Mono Ammonium Phosphate is a fully water-soluble fertilizer that provides nitrogen and a high concentration of phosphorus. It dissolves completely in water and is readily absorbed by plants, making phosphorus immediately available for root development and early growth.","Mono Ammonium Phosphate is a fully water-soluble fertilizer that provides nitrogen and a high concentration of phosphorus.

It dissolves completely in water and is readily absorbed by plants, making phosphorus immediately available for root development and early growth.","[""Promotes strong root development"", ""Supports early plant establishment"", ""Enhances energy transfer within the plant"", ""Improves flowering initiation"", ""Highly efficient and fast acting""]","[""At sowing or transplanting stage"", ""During early vegetative growth"", ""Before flowering stage"", ""When root development is critical""]","[""Fruits"", ""Vegetables"", ""Field crops"", ""Plantation crops""]","[{""method"": ""Foliar Spray"", ""steps"": [""Mix 1\u20132 gm per litre of water""]}, {""method"": ""Drip Irrigation (Per Acre)"", ""steps"": [""Apply 2\u20134 kg per acre""]}]","[{""title"": ""Deficiency Leads To\u2026"", ""content"": ""\u2022 Poor root development\n\u2022 Stunted plant growth\n\u2022 Delayed flowering\n\u2022 Low energy transfer within plant""}, {""title"": ""Why Does This Deficiency Happen?"", ""content"": ""\u2022 Low phosphorus availability in soil\n\u2022 Fixation of phosphorus in alkaline soils\n\u2022 Cold soil conditions\n\u2022 Poor root activity""}, {""title"": ""How Soil+ MAP Fixes It"", ""content"": ""Soil+ MAP provides readily available phosphorus and nitrogen in a highly soluble form, ensuring quick root development and strong early plant growth.""}]"
"published","MKP (00:52:34)","mkp-00-52-34","High Phosphorus and Potassium Fertilizer for Flowering and Fruit Development","High phosphorus and potassium fertilizer for flowering and fruit development.","100% Water Soluble","[]","[{""parameter"": ""Nitrogen (N)"", ""specification"": ""0%""}, {""parameter"": ""Phosphorus (P\u2082O\u2085)"", ""specification"": ""52%""}, {""parameter"": ""Potassium (K\u2082O)"", ""specification"": ""34%""}, {""parameter"": ""Note"", ""specification"": ""Mono Potassium Phosphate \u2013 fully water-soluble fertilizer""}]","Mono Potassium Phosphate is a fully water-soluble fertilizer that provides high levels of phosphorus and potassium. It dissolves completely in water and is quickly absorbed by plants, supporting flowering, fruit development, and energy transfer.","Mono Potassium Phosphate is a fully water-soluble fertilizer that provides high levels of phosphorus and potassium.

It dissolves completely in water and is quickly absorbed by plants, supporting flowering, fruit development, and energy transfer.","[""Promotes strong flowering and fruit setting"", ""Enhances fruit size and quality"", ""Improves plant energy transfer"", ""Supports stress tolerance"", ""Fast acting and highly efficient""]","[""Pre-flowering stage"", ""During flowering and fruit setting"", ""During fruit development stages"", ""When higher energy demand is required""]","[""Fruits"", ""Vegetables"", ""Field crops"", ""Plantation crops""]","[{""method"": ""Foliar Spray"", ""steps"": [""Mix 1\u20132 gm per litre of water""]}, {""method"": ""Drip Irrigation (Per Acre)"", ""steps"": [""Apply 2\u20134 kg per acre""]}]","[{""title"": ""Deficiency Leads To\u2026"", ""content"": ""\u2022 Poor flowering\n\u2022 Low fruit setting\n\u2022 Reduced fruit size\n\u2022 Weak plant energy system""}, {""title"": ""Why Does This Deficiency Happen?"", ""content"": ""\u2022 Low phosphorus and potassium levels in soil\n\u2022 Nutrient fixation in soil\n\u2022 High crop demand during flowering stage\n\u2022 Imbalanced fertilization""}, {""title"": ""How Soil+ MKP Fixes It"", ""content"": ""Soil+ MKP provides readily available phosphorus and potassium, ensuring better flowering, improved fruit setting, and enhanced crop quality.""}]"
"published","Potassium Sulphate (00:00:50)","potassium-sulphate-00-00-50","High Potassium Fertilizer for Improving Crop Quality, Size, and Yield","High potassium fertilizer for improving crop quality, size, and yield.","100% Water Soluble","[]","[{""parameter"": ""Nitrogen (N)"", ""specification"": ""0%""}, {""parameter"": ""Phosphorus (P\u2082O\u2085)"", ""specification"": ""0%""}, {""parameter"": ""Potassium (K\u2082O)"", ""specification"": ""50%""}, {""parameter"": ""Note"", ""specification"": ""Potassium Sulphate \u2013 fully water-soluble fertilizer""}]","Potassium Sulphate is a fully water-soluble fertilizer that provides a high concentration of potassium. It dissolves easily in water and is rapidly absorbed by plants, supporting fruit development, quality improvement, and overall plant strength.","Potassium Sulphate is a fully water-soluble fertilizer that provides a high concentration of potassium.

It dissolves easily in water and is rapidly absorbed by plants, supporting fruit development, quality improvement, and overall plant strength.","[""Improves fruit size, color, and taste"", ""Enhances crop quality and shelf life"", ""Strengthens plant resistance to stress"", ""Supports water regulation in plants"", ""Promotes overall plant health""]","[""During fruit development stage"", ""During grain filling stage"", ""At maturity stage"", ""When quality improvement is required""]","[""Banana"", ""Grapes"", ""Citrus"", ""Potato"", ""Tomato"", ""Onion"", ""Field Crops"", ""Plantation crops""]","[{""method"": ""Foliar Spray"", ""steps"": [""Mix 1\u20132 gm per litre of water""]}, {""method"": ""Drip Irrigation (Per Acre)"", ""steps"": [""Apply 2\u20134 kg per acre""]}]","[{""title"": ""Potassium Deficiency Leads To\u2026"", ""content"": ""\u2022 Poor fruit size and quality\n\u2022 Weak plant structure\n\u2022 Reduced resistance to stress\n\u2022 Lower yield""}, {""title"": ""Why Does This Deficiency Happen?"", ""content"": ""\u2022 Low potassium levels in soil\n\u2022 High crop demand during fruiting stage\n\u2022 Nutrient imbalance\n\u2022 Sandy soils with nutrient leaching""}, {""title"": ""How Soil+ Fixes It"", ""content"": ""Soil+ Potassium Sulphate provides readily available potassium, improving fruit quality, enhancing plant strength, and supporting better yield.""}]"
"published","NPK (19:19:19)","npk-19-19-19","Complete Balanced Fertilizer for Overall Plant Growth and Development","Complete balanced fertilizer for overall plant growth and development.","100% Water Soluble","[]","[{""parameter"": ""Nitrogen (N)"", ""specification"": ""19%""}, {""parameter"": ""Phosphorus (P\u2082O\u2085)"", ""specification"": ""19%""}, {""parameter"": ""Potassium (K\u2082O)"", ""specification"": ""19%""}, {""parameter"": ""Note"", ""specification"": ""Fully water-soluble balanced fertilizer \u2013 equal proportions of N, P & K""}]","NPK 19-19-19 is a fully water-soluble balanced fertilizer that provides equal proportions of nitrogen, phosphorus, and potassium. It dissolves completely in water and is quickly absorbed by plants, ensuring uniform supply of all major nutrients required for overall growth and development.","NPK 19-19-19 is a fully water-soluble balanced fertilizer that provides equal proportions of nitrogen, phosphorus, and potassium.

It dissolves completely in water and is quickly absorbed by plants, ensuring uniform supply of all major nutrients required for overall growth and development.","[""Provides balanced nutrition for all growth stages"", ""Promotes uniform plant growth and development"", ""Enhances root, shoot, and leaf growth"", ""Improves overall crop health and yield"", ""Supports efficient nutrient utilization""]","[""During vegetative growth stage"", ""When balanced nutrition is required"", ""During continuous crop growth phases"", ""In nutrient-deficient soils""]","[""Fruits"", ""Vegetables"", ""Field crops"", ""Plantation crops""]","[{""method"": ""Foliar Spray"", ""steps"": [""Mix 1\u20132 gm per litre of water""]}, {""method"": ""Drip Irrigation (Per Acre)"", ""steps"": [""Apply 2\u20134 kg per acre""]}]","[{""title"": ""Deficiency Leads To\u2026"", ""content"": ""\u2022 Poor overall plant growth\n\u2022 Weak root and shoot development\n\u2022 Imbalanced nutrient supply\n\u2022 Reduced yield and quality""}, {""title"": ""Why Does This Deficiency Happen?"", ""content"": ""\u2022 Imbalanced fertilization practices\n\u2022 Continuous cropping without nutrient replenishment\n\u2022 Poor soil fertility\n\u2022 Lack of balanced nutrient supply""}, {""title"": ""How Soil+ NPK Fixes It"", ""content"": ""Soil+ NPK 19:19:19 provides a balanced supply of all essential macronutrients, ensuring uniform growth, better plant health, and improved yield.""}]"
